vi, a	ᎠᏗᎭ	Ꭰ¹Ꮧ̣²Ꭽ, Ꭰ¹Ꮧ̣²Ꭰ	a¹dị²ha	ạ²dị²ha, ạ²di³ɂa	he is saying		
	ᎦᏗᎠ	Ꭰ¹Ꮧ̣²Ꭽ, Ꭰ¹Ꮧ̣²Ꭰ	gạ²di³ɂa	ạ²dị²ha, ạ²di³ɂa	I am saying		
vi, u	ᎤᏛᏅᎢ	Ꭰ̣²Ꮫ²Ꮕ²³Ꭲ, Ꭰ̣²Ꮫ¹Ꮕ²³Ꭲ	u¹dv²hnv²³ɂi	ạ²dv²hnv²³ɂi, ạ²dv¹hnv²³ɂi	he said a while ago		
vi, a	ᎠᏗᏍᎪᎢ	Ꭰ̣²Ꮧ²³ᏍᎪ³Ꭲ	a¹di²³sgo³ɂi	ạ²di²³sgo³ɂi	he is often saying		
vi, imp, a	ᎭᏓ	Ꭰ̣²Ꮣ	hạ²da	ạ²da	let him say		
vi, a	ᎭᏓ²	Ꭰ̣²Ꮣ²	hạ²da²	ạ²da²	he recently said		
vi, u, inf	ᎤᏘᏗ	Ꭰ̣Ꮨ͓²Ꮧ	ut²di	ạt²di	for him to say it		
							
vti, vta, a	ᎠᎪᏩᏘᎭ	ᎪᏩ͓²Ꮨ̣³Ꭽ	a¹gowh²tị³ha	gowh²tị³ha	he is seeing x	He is being seen	
	ᏥᎪᏩᏘᎭ	ᎪᏩ͓²Ꮨ̣³Ꭽ	ji²gowh¹tị³ha	gowh¹tị³ha	I am seeing x	I am being seen	
vti, vta, u	ᎤᎪᎲᎢ	Ꭺ²Ꮂ²³Ꭲ	u¹go²hv²³ɂi	go²hv²³ɂi	he saw x a while ago	He was seen a while ago	
vti, vta, a	ᎠᎪᏩᏘᏍᎪᎢ	ᎪᏩ͓²Ꮨ²³ᏍᎪ̣³Ꭲ	a¹gowh²ti²³sgọ³ɂi	gowh²ti²³sgọ³ɂi	he is often seeing x	He is usually seen	
vti, vta, imp, a	ᎯᎪᏩᏔ	Ꭺ¹Ꮹ²Ꮤ	hi²go¹wah²ta	go¹wah²ta	let him see x	Let him be seen	
vti, vta, a	ᎯᎪᏩᏔ	Ꭺ¹Ꮹ²Ꮤ²	hi²go¹wah²ta²	go¹wah²ta²	he recently saw x	he was recently seen	
vti, vta, u, inf	ᎤᎪᏩᏛᏗ	ᎪᏩ͓²Ꮫ³Ꮧ	u²gowh²tvh³di	gowh²tvh³di	for him to see x	For him to be seen	
							
vti, vta, a	ᎠᎦᏙᏍᏗ	Ꭰ¹Ꭶ͓Ꮩ²³ᏍᏗ, Ꭰ¹Ꭶ¹Ꮩ²³ᏍᏗ	a¹kto²³sdi	a¹kto²³sdi, ạ²ga¹to²³sdi	he is looking at x	He is being looked at	
	ᏥᏯᎦᏙᏍᏗ	Ꭰ¹Ꭶ͓Ꮩ²³ᏍᏗ, Ꭰ¹Ꭶ¹Ꮩ²³ᏍᏗ	ji²yạ²ga¹to²³sdi,gạ¹ga¹to²³sdi	a¹kto²³sdi, ạ²ga¹to²³sdi	I am looking at x	I am being looked at	
vti, vta, u	ᎤᎦᏙᏍᏔᏅᎢ	Ꭰ¹Ꭶ͓Ꮩ²³ᏍᏔ̣³Ꮕ²³Ꭲ, Ꭰ¹Ꭶ¹Ꮩ²³ᏍᏔ̣³Ꮕ²³Ꭲ	u¹kto²³stạ³nv²³ɂi	a¹kto²³stạ³nv²³ɂi, a¹ga¹to²³stạ³nv²³ɂi	he looked at x a while ago	He was looked at a while ago	
vti, vta, a	ᎠᎦᏙᏍᏗᏍᎪᎢ	Ꭰ¹Ꭶ͓Ꮩ²³ᏍᏗ³ᏍᎪ³Ꭲ, Ꭰ¹Ꭶ¹Ꮩ²³ᏍᏗ³ᏍᎪ³Ꭲ	a¹kto²³sdi³sgo³ɂi	a¹kto²³sdi³sgo³ɂi, a¹ga¹to²³sdi³sgo³ɂi	he is often looking at x	He is often looked at	
vti, vta, imp, a	ᎯᏯᎦᏙᏍᏓ	Ꭰ̣²Ꭶ͓Ꮩ²³ᏍᏓ, Ꭰ̣²Ꭶ¹Ꮩ²³ᏍᏓ	hi²yạ²ga¹to²³sda, hạ²kto²³sda	ạ²kto²³sda, ạ²ga¹to²³sda	let him look at x	Let him be looked at	
vti, vta, a	ᎯᏯᎦᏙᏍᏓ	Ꭰ̣²Ꭶ͓Ꮩ²³ᏍᏓ², Ꭰ̣²Ꭶ¹Ꮩ²³ᏍᏓ²	hi²yạ²ga¹to²³sda, hạ²kto²³sda	ạ²kto²³sda², ạ²ga¹to²³sda²	he recently looked at x	he was recently looked at	
vti, vta, u, inf	ᎤᎦᏙᏍᏙᏗ	Ꭰ̣²Ꭶ͓Ꮩ²³ᏍᏙᏗ, Ꭰ̣²Ꭶ¹Ꮩ²³ᏍᏙᏗ	u²kto²³sdoh³di	ạ²kto²³sdoh³di, ạ²ga¹to²³sdoh³di	for him to look at x	For him to be looked at	
							
vti, vta, u	ᎤᏚᎵᎭ	Ꭰ̣²Ꮪ²Ꮅ̣³Ꭽ	u¹du²lị³ha	ạ²du²lị³ha	He is wanting x	He is wanted	
	ᎠᏆᏚᎵᎭ	Ꭰ̣²Ꮪ²Ꮅ̣³Ꭽ	a¹gwạ²du²lị³ha	ạ²du²lị³ha	I am wanting x	I am wanted	
vti, vta, u	ᎤᏚᎸᎲᎢ	Ꭰ̣²Ꮪ²Ꮈ²Ꮂ²³Ꭲ	u¹du²lv²hv²³ɂi	ạ²du²lv²hv²³ɂi	He wanted x a while ago	He was wanted a while ago	
vti, vta, u	ᎤᏚᎵᏍᎪᎢ	Ꭰ̣²Ꮪ²Ꮅ²³ᏍᎪ̣³Ꭲ	u¹du²li²³sgọ³ɂi	ạ²du²li²³sgọ³ɂi	He usually is wanting x	He is often wanted	
vti, vta, imp, u	ᏣᏚᎳ	Ꭰ̣²Ꮪ²³Ꮃ	jạ²du²³la	ạ²du²³la	Let him want x	Let him be wanted	
vti, vta, u	ᏣᏚᎳ²	Ꭰ̣²Ꮪ²³Ꮃ²	jạ²du²³la²	ạ²du²³la²	he recently wanted x	he was recently wanted	
vti, vta, u, inf	ᎤᏚᎸᏗ	Ꭰ̣²ᏚᎸ͓²Ꮧ	u²duhl²di	ạ²duhl²di	For him to want x	For him to be wanted	
							
vi, a	ᎡᎦ	Ꭱ³Ꭶ	e³ga	e³ga	he is going		
	ᎨᎦ	Ꭱ³Ꭶ	ge³ga	e³ga	I am going		
vi, u	ᎤᏪᏅᏒᎢ	Ꭱ²Ꮕ³Ꮢ²³Ꭲ	u¹we²nv³sv²³ɂi	e²nv³sv²³ɂi	He went a while ago		
vi, a	ᎡᎪᎢ	Ꭱ³Ꭺ̣³Ꭲ	e³gọ³ɂi	e³gọ³ɂi	He usually is going		
vi, imp, a	ᎮᎾ	Ꭱ¹Ꮎ	he¹na	e¹na	Let him go		
vi, a	ᎮᎾ	Ꭱ¹Ꮎ²	he¹na²	e¹na²	he recently went		
vi, u, inf	ᎤᏪᏅᏍᏗ	Ꭱ²Ꮕ¹ᏍᏗ	ụ²we²nv¹sdi	e²nv¹sdi	For him to go		
							
vti, u	ᎤᎭ	Ꭽ	u²³ha	ha	He has x		something, things
	ᎠᎩᎭ	Ꭽ	a¹gị²ha	ha	I have x		something, things
vti, u	ᎤᎲᎢ	Ꮂ²³Ꭲ	u¹hv²³ɂi	hv²³ɂi	He had x a while ago		something, things
vti, u	ᎤᎰᎢ	Ꮀ³Ꭲ	u¹ho³ɂi	ho³ɂi	He usually has x		something, things
vti, u	ᏣᎮᏍᏗ	Ꭾ³ᏍᏗ	jạ²he³sdi	he³sdi	He will be having x		something, things
							
vti, u	ᎤᎾᎠ	Ꮎ̣³Ꭰ	u¹nạ³ɂa	nạ³ɂa	He has x		something flexible, flexible things
	ᎠᎩᎾᎠ	Ꮎ̣³Ꭰ	a¹gị²nạ³a	nạ³a	I have x		something flexible, flexible things
vti, u	ᎤᎾᎥᎢ	Ꮎ̣³Ꭵ²³Ꭲ	u¹nạ³v²³ɂi	nạ³v²³ɂi	He had x a while ago		something flexible, flexible things
vti, u	ᎤᎾᎣᎢ	Ꮎ̣³Ꭳ³Ꭲ	u¹nạ³o³ɂi	nạ³o³ɂi	He usually has x		something flexible, flexible things
vti, u	ᏣᎾᎡᏍᏗ	Ꮎ̣³Ꭱ³ᏍᏗ	jạ²nạ³e³sdi	nạ³e³sdi	He will be having x		something flexible, flexible things
							
vti, u	ᎤᏁᎭ	Ꮑ̣³Ꭽ	u¹nẹ³ha	nẹ³ha	He has x		a liquid, liquid things
	ᎠᎩᏁᎭ	Ꮑ̣³Ꭽ	a¹gị²nẹ³ha	nẹ³ha	I have x		a liquid, liquid things
vti, u	ᎤᏁᎲᎢ	Ꮑ²Ꮂ²³Ꭲ	u¹ne²hv²³ɂi	ne²hv²³ɂi	He had x a while ago		a liquid, liquid things
vti, u	ᎤᏁᎰᎢ	Ꮑ²Ꮀ³Ꭲ	u¹ne²ho³ɂi	ne²ho³ɂi	He usually has x		a liquid, liquid things
vti, u	ᏣᏁᎮᏍᏗ	Ꮑ²Ꭾ³ᏍᏗ	jạ²ne²he³sdi	ne²he³sdi	He will be having x		a liquid, liquid things
vi, xdi, u, inf	ᎤᏁᏗ	ᏁᏗ	u²neh²di	neh²di	For him to have x		a liquid, liquid things
							
vti, u	ᎤᏩᏯ	Ꭵ³²Ꮿ	u¹wa³²ya	v³²ya	He has x		something long, long things
	ᎠᏋᏯ	Ꭵ²³Ꮿ	a¹gwv²³ya	v²³ya	I have x		something long, long things
vti, u	ᎤᏩᏴᎢ	Ꭵ²³ᏴᎢ	u¹wa²³yv³ɂi	"v
²³yv³ɂi"	He had x a while ago		something long, long things
vti, u	ᎤᏩᏲᎢ	Ꭵ²³ᏲᎢ	u¹wa²³yọ³ɂi	v²³yọ³ɂi	He usually has x		something long, long things
vti, u	ᏨᏰᏍᏗ	Ꭵ²³ᏰᏍᏗ	jv²³ye³²sdi	v²³ye³²sdi	He will be having x		something long, long things
							
vti, u	ᎤᏩᎧᎭ	ɂᎧ̣³Ꭽ	u¹wa²kạ³ha	ɂkạ³ha	He has x		something alive, living things
	ᎠᎩᎧᎭ	ɂᎧ̣³Ꭽ	a¹gi²kạ³ha	ɂkạ³ha	I have x		something alive, living things
vti, u	ᎤᏩᎧᎲᎢ	ɂᎧ̣²Ꮂ²³Ꭲ	u¹wa²kạ²hv²³ɂi	ɂkạ²hv²³ɂi	He had x a while ago		something alive, living things
vti, u	ᎤᏩᎧᎰᎢ	ɂᎧ̣²Ꮀ³Ꭲ	u¹wa²kạ²ho³ɂi	ɂkạ²ho³ɂi	He usually has x		something alive, living things
vti, u	ᏣᎧᎮᏍᏗ	ɂᎧ̣²Ꭾ³ᏍᏗ	ja²kạ²he³sdi	ɂkạ²he³sdi	He will be having x		something alive, living things
vti, u, inf	ᎤᏩᎪᏗ	ɂᎪ³Ꮧ	u¹wa²koh³di	ɂkoh³di	For him to have x		something alive, living things
							
vti, g	ᎦᏚᎲᏍᎦ	ɂ³Ꮪ²Ꮂ̣³ᏍᎦ	ga³du²hṿ³sga	ɂ³du²hṿ³sga	he is baking x		something, things
	ᏥᏚᎲᏍᎦ	ɂ³Ꮪ²Ꮂ̣³ᏍᎦ	ji³du²hṿ³sga	ɂ³du²hṿ³sga	I am baking x		something, things
vti, u	ᎤᏩᏚᏅᎢ	ɂ³Ꮪ²Ꮕ²³Ꭲ	u¹wa³du²hnv²³ɂi	ɂ³du²hnv²³ɂi	he baked x a while ago		something, things
vti, g	ᎦᏚᎲᏍᎪᎢ	ɂ³Ꮪ²Ꮂ̣²ᏍᎪ³Ꭲ	ga³du²hṿ²sgo³ɂi	ɂ³du²hṿ²sgo³ɂi	he is usually baking x		something, things
vti, imp, g	ᎯᏚᎲᎦ	ɂ¹Ꮪ²Ꮂ¹Ꭶ	hi¹du²hv¹ga	ɂ¹du²hv¹ga	let him bake x		something, things
vti, g	ᎯᏚᎲᎦ	ɂ¹Ꮪ²Ꮂ¹Ꭶ	hi¹du²hv¹ga²	ɂ¹du²hv¹ga²	he recently baked x		something, things
vti, u, inf	ᎤᏩᏘᏗ	ɂ¹ᏘᏗ	u²wa¹tdi	ɂ¹tdi	for him to bake x		something, things
							
vi, xde, u	ᎤᏲᏏᎭ	Ᏺ³Ꮟ̣²Ꭽ	u¹yo³sị²ha	yo³sị²ha	He is hungry		
	ᎠᎩᏲᏏᎭ	Ᏺ³Ꮟ̣²Ꭽ	a¹gị²yo³sị²ha	yo³sị²ha	I am hungry		
vi, xde, u	ᎤᏲᏏᏍᎬᎢ	Ᏺ³Ꮟ²ᏍᎬ²³Ꭲ	u¹yo³si²sgv²³ɂi	yo³si²sgv²³ɂi	He was hungry a while ago		
vi, xde, u	ᎤᏲᏏᏍᎪᎢ	Ᏺ³Ꮟ²ᏍᎪ³Ꭲ	u¹yo³si²sgo³ɂi	yo³si²sgo³ɂi	He usually is hungry		
vi, xdi, imp, u	ᏣᏲᏏᏌ	Ᏺ¹Ꮟ²³Ꮜ	jạ²yo¹si²³sa	yo¹si²³sa	Let him be hungry		
vi, xde, u	ᏣᏲᏏᏌ	Ᏺ¹Ꮟ²³Ꮜ²	jạ²yo¹si²³sa²	yo¹si²³sa²	he was recently hungry		
vi, xdi, u, inf	ᎤᏲᏏᏐᏗ	Ᏺ¹Ꮟ²³Ꮠ̣³Ꮧ	u²yo¹si²³soh³di	yo¹si²³soh³di	For him to be hungry		
							
vi, xde, u	ᎤᏔᏕᎩᎠ	Ꮤ̣²Ꮥ²Ꭹ³Ꭰ	u¹tạ²de²gi³ɂa	tạ²de²gi³ɂa	He is thirsty		
	ᎠᎩᏔᏕᎩᎠ	Ꮤ̣²Ꮥ²Ꭹ³Ꭰ	ak¹tạ²de²gi³ɂa	tạ²de²gi³ɂa	I am thirsty		
vi, xde, u	ᎤᏔᏕᎦᏅᎢ	Ꮤ̣²Ꮥ²Ꭶ³²Ꮕ²³Ꭲ	u¹tạ²de²ga³²nv²³ɂi	tạ²de²ga³²nv²³ɂi	He was thirsty a while ago		
vi, xde, u	ᎤᏔᏕᎩᏍᎪᎢ	Ꮤ̣²Ꮥ²Ꭹ³ᏍᎪ³Ꭲ	u¹tạ²de²gi³sgo³ɂi	tạ²de²gi³sgo³ɂi	He is usually thirsty		
vi, xdi, imp, u	ᏣᏔᏕᎬᎦ	Ꮤ̣²Ꮥ²Ꭼ¹Ꭶ	tstạ²de²gv¹ga	tạ²de²gv¹ga	Let him be thirsty		
vi, xde, u	ᏣᏔᏕᎬᎦ²	Ꮤ̣²Ꮥ²Ꭼ¹Ꭶ²	tstạ²de²gv¹ga²	tạ²de²gv¹ga²	he was recently thirsty		
vi, xdi, u, inf	ᎤᏔᏕᎪᏗ	Ꮤ̣²Ꮥ²³Ꭺ³²Ꮧ	u²tạ²de²³go³²di	tạ²de²³go³²di	For him to be thirsty		
							
vti, g	ᎪᎵᎦ	ᎣᎵ͓²Ꭶ, Ꭳ²Ꮅ¹Ꭶ	gohl²ga	ohl²ga, o²li¹ga	he understand[s] x	He is being understood	it, things
	ᎪᎵᎦ	Ꭳ²Ꮅ¹Ꭶ	go²li¹ga	o²li¹ga	I understand[s] x	I am being understood	it, things
vti, u	ᎤᏬᎵᏨᎢ	ᎣᎵ͓²Ꮸ²³Ꭲ, Ꭳ²Ꮅ¹Ꮸ²³Ꭲ	u¹wohl²jv²³ɂi	ohl²jv²³ɂi, o²li²jv²³ɂi	he understood x a while ago	He was understood a while ago	it, things
vti, g	ᎪᎵᎪᎢ	ᎣᎵ͓²Ꭺ³Ꭲ, Ꭳ²Ꮅ²Ꭺ³Ꭲ	gohl²go³ɂi	ohl²go³ɂi, o²li²go³ɂi	he usually understand[s] x	He is often being understood	it, things
vti, g	ᎰᎵᎩ	ᎣᎵ͓²Ꭹ, Ꭳ²Ꮅ¹Ꭹ	hohl²gi	ohl²gi, o²li¹gi	let him understand x	Let him be understood	it, things
vti, g	ᎰᎵᎩ	ᎣᎵ͓²Ꭶ², Ꭳ²Ꮅ¹Ꭶ²	hohl²ga²	ohl²ga², o²li¹ga²	he recently understood x	He was recently understood	it, things
vti, u, inf	ᎤᏬᏟᏍᏗ	Ꭳ²Ꮅ³ᏍᏗ	ụ²wo²hlị³sdi	o²hlị³sdi, o²li³sdi	for him to understand x	For him to be understood	it, things
							
vta, g	ᎪᎵᎦ	ᎣᎵ͓²Ꭶ, Ꭳ²Ꮅ¹Ꭶ	gohl²ga	ohl²ga, o²li¹ga	he recognize[s] x	He is being recognized	
	ᏣᏲᎵᎦ	Ꭳ²Ꮅ¹Ꭶ	ji²yo²li¹ga	o²li¹ga	I recognize[s] x	I am being recognized	
vta, u	ᎤᏬᎵᏨᎢ	ᎣᎵ͓²Ꮸ²³Ꭲ, Ꭳ²Ꮅ¹Ꮸ²³Ꭲ	u¹wohl²jv²³ɂi	ohl²jv²³ɂi, o²li²jv²³ɂi	he recognized x a while ago	He was recognized a while ago	
vta, g	ᎪᎵᎪᎢ	ᎣᎵ͓²Ꭺ³Ꭲ, Ꭳ²Ꮅ²Ꭺ³Ꭲ	gohl²go³ɂi	ohl²go³ɂi, o²li²go³ɂi	he usually recognize[s] x	He is often recognized	
vta, g, imp	ᎯᏲᎵᎩ	ᎣᎵ͓²Ꭹ, Ꭳ²Ꮅ¹Ꭹ	hi²yo²li¹gi	ohl²gi, o²li¹gi	let him recognize x	Let him be recognized	
vta, g	ᎯᏲᎵᎩ	ᎣᎵ͓²Ꭶ², Ꭳ²Ꮅ¹Ꭶ²	hi²yo²li¹ga²	ohl²ga², o²li¹ga²	he recently recognized x	He was recently recognized	
vta, u, inf	ᎤᏬᏟᏍᏗ	Ꭳ²Ꮅ³ᏍᏗ	ụ²wo²hlị³sdi	o²hlị³sdi, o²li³sdi	for him to recognize x	For him to be recognized	
							
vi, g	ᎦᎴᎦ	³Ꮄ¹Ꭶ	gạɂ³le¹ga	ɂ³le¹ga	he is climbing x		
	ᏥᎴᎦ	³Ꮄ¹Ꭶ	jịɂ³le¹ga	ɂ³le¹ga	I am climbing x		
vi, u	ᎤᎸᏒᎢ	Ꮈ³²Ꮢ²³Ꭲ	u¹lv³²sv²³ɂi	lv³²sv²³ɂi	he climbed x a while ago		
vi, g	ᎦᎴᎪᎢ	³Ꮄ¹Ꭺ³Ꭲ	gạɂ³le¹go³ɂi	ɂ³le¹go³ɂi	he usually is climbing x		
vi, g, imp	ᎯᎷᎦ	²Ꮇ¹Ꭶ	hịɂ²lu¹ga	ɂ²lu¹ga	let him climb x		
vi, g	ᎯᎷᎦ	²Ꮇ¹Ꭶ²	hịɂ²lu¹ga²	ɂ²lu¹ga²	he recently climbed x		
vi, u, inf	ᎤᎸᏍᏗ	Ꮈ¹ᏍᏗ	u²lv¹sdi	lv¹sdi	for him to climb x		
							
n	ᏂᎯ	Ꮒ̣²Ꭿ	nị²hi	nị²hi	You one; You two; You all		
n	ᎠᏴ	Ꭰ̣²Ᏼ	ạ²yv	ạ²yv	I, Me; We, Us		
n	ᎯᎠ	Ꭿ̣²Ꭰ	hị²ɂa	hịɂa	This, These; They, Them; He, Him		
n	ᎥᏍᎩᎾ	Ꭵ¹ᏍᎩ̣²Ꮎ	v¹sgị²na	v¹sgị²na	That, Those; They, Them; He, Him		
							
vi, u	ᎤᏩᏌ	Ꭵ²³Ꮜ	ụ²wa²³sa	v²³sa	Himself		
vi, u	ᎤᏩᏌ	Ꭵ⁴Ꮜ	ụ²wa⁴sa	v⁴sa	He alone		
vti, u, adj	ᎤᏤᎵᎢ	Ꭰ²Ꮴ²Ꮅ⁴Ꭲ	u²je²li⁴ɂi	ạ²je²li⁴ɂi	His x		thing, things
							
n	ᎠᎵᎢ	Ꭰ²Ꮅ̣²Ꭲ	a²lị²ɂi	a²lị²ɂi	Friendship		
							
n	ᏗᏆᎵᎢ	Ꮧ̣¹Ꮖ²Ꮅ̣²Ꭲ	dị¹gwa²lị²ɂi	dị¹gwa²lị²ɂi	My friends		
n	ᏗᏣᎵᎢ	Ꮧ̣¹Ꮳ²Ꮅ̣²Ꭲ	dị²jạ²lị²ɂi	dị²jạ²lị²ɂi	You one, your friends		
n	ᏧᎵᎢ	Ꮷ²Ꮅ̣²Ꭲ	ju²lị²ɂi	ju²lị²ɂi	His friends		
							
n	ᎩᎾᎵᎢ	Ꭹ̣²Ꮎ²Ꮅ̣²Ꭲ	gị²na²lị²ɂi	gị²na²lị²ɂi	You one and I, friends		
n	ᎩᎾᎵᎢ	Ꭹ̣²Ꮎ²Ꮅ̣²Ꭲ	gị²na²lị²ɂi	gị²na²lị²ɂi	You one, my friend		
n	ᏗᎩᎾᎵᎢ	Ꮧ̣²Ꭹ̣²Ꮎ²Ꮅ̣²Ꭲ	dị²gị²na²lị²ɂi	dị²gị²na²lị²ɂi	You one and I, our friends		
							
n	ᎣᎩᎾᎵᎢ	Ꭳ¹Ꭹ̣²Ꮎ²Ꮅ̣²Ꭲ	o¹gị²na²lị²ɂi	o¹gị²na²lị²ɂi	He and I, friends		
n	ᎣᎩᎾᎵᎢ	Ꭳ¹Ꭹ̣²Ꮎ²Ꮅ̣²Ꭲ	o¹gị²na²lị²ɂi	o¹gị²na²lị²ɂi	He, my friend		
n	ᏦᎩᎾᎵᎢ	Ꮶ¹Ꭹ̣²Ꮎ²Ꮅ̣²Ꭲ	jo¹gị²na²lị²ɂi	jo¹gị²na²lị²ɂi	He and I, our friends		
							
n	ᎢᎦᎵᎢ	Ꭲ¹Ꭶ²Ꮅ̣²Ꭲ	i¹ga²lị²ɂi	i¹ga²lị²ɂi	You one and I, our friend		
n	ᎢᎦᎵᎢ	Ꭲ¹Ꭶ²Ꮅ̣²Ꭲ	i¹ga²lị²ɂi	i¹ga²lị²ɂi	You two and I, our friend		
n	ᎢᎦᎵᎢ	Ꭲ¹Ꭶ²Ꮅ̣²Ꭲ	i¹ga²lị²ɂi	i¹ga²lị²ɂi	You all and I, our friend		
n	ᎢᎦᎵᎢ	Ꭲ¹Ꭶ²Ꮅ̣²Ꭲ	i¹ga²lị²ɂi	i¹ga²lị²ɂi	You all and I, friends		
n	ᎢᎦᎵᎢ	Ꭲ¹Ꭶ²Ꮅ̣²Ꭲ	i¹ga²lị²ɂi	i¹ga²lị²ɂi	You all, my friends		
n	ᏗᎦᎵᎢ	Ꮧ̣²Ꭶ²Ꮅ̣²Ꭲ	dị²ga²lị²ɂi	dị²ga²lị²ɂi	You all and I, our friends		
							
n	ᎣᎦᎵᎢ	Ꭳ¹Ꭶ²Ꮅ̣²Ꭲ	o¹ga²lị²ɂi	o¹ga²lị²ɂi	He and I, our friend		
n	ᎣᎦᎵᎢ	Ꭳ¹Ꭶ²Ꮅ̣²Ꭲ	o¹ga²lị²ɂi	o¹ga²lị²ɂi	They and I, our friend		
n	ᎣᎦᎵᎢ	Ꭳ¹Ꭶ²Ꮅ̣²Ꭲ	o¹ga²lị²ɂi	o¹ga²lị²ɂi	They and I, friends		
n	ᎣᎦᎵᎢ	Ꭳ¹Ꭶ²Ꮅ̣²Ꭲ	o¹ga²lị²ɂi	o¹ga²lị²ɂi	They, my friends		
n	ᏦᎦᎵᎢ	Ꮶ¹Ꭶ²Ꮅ̣²Ꭲ	jo¹ga²lị²ɂi	jo¹ga²lị²ɂi	They and I, our friends		
							
n	ᏍᏓᎵᎢ	ᏍᏓ²Ꮅ̣²Ꭲ	sda²lị²ɂi	sda²lị²ɂi	You one, your friend		
n	ᏍᏓᎵᎢ	ᏍᏓ²Ꮅ̣²Ꭲ	sda²lị²ɂi	sda²lị²ɂi	You two, friends		
n	ᏗᏍᏓᎵᎢ	Ꮧ̣²ᏍᏓ²Ꮅ̣²Ꭲ	dị²sda²lị²ɂi	dị²sda²lị²ɂi	You two, your friends		
							
n	ᎢᏣᎵᎢ	Ꭲ¹Ꮳ²Ꮅ̣²Ꭲ	i¹ja²lị²ɂi	i¹ja²lị²ɂi	You two, your friend		
n	ᎢᏣᎵᎢ	Ꭲ¹Ꮳ²Ꮅ̣²Ꭲ	i¹ja²lị²ɂi	i¹ja²lị²ɂi	You all, your friend		
n	ᎢᏣᎵᎢ	Ꭲ¹Ꮳ²Ꮅ̣²Ꭲ	i¹ja²lị²ɂi	i¹ja²lị²ɂi	You all, friends		
n	ᏗᏣᎵᎢ	Ꮧ̣²Ꮳ²Ꮅ̣²Ꭲ	dị²ja²lị²ɂi	dị²ja²lị²ɂi	You all, your friends		
							
n	ᎤᎾᎵᎢ	Ꭴ¹Ꮎ²Ꮅ̣²Ꭲ	u¹na²lị²ɂi	u¹na²lị²ɂi	His friend		
n	ᎤᎾᎵᎢ	Ꭴ¹Ꮎ²Ꮅ̣²Ꭲ	u¹na²lị²ɂi	u¹na²lị²ɂi	Their friend		
n	ᎤᎾᎵᎢ	Ꭴ¹Ꮎ²Ꮅ̣²Ꭲ	u¹na²lị²ɂi	u¹na²lị²ɂi	They, friends		
n	ᏧᎾᎵᎢ	Ꮷ¹Ꮎ²Ꮅ̣²Ꭲ	ju¹na²lị²ɂi	ju¹na²lị²ɂi	Their friends		
							
n		Ꭱ²Ꮩ²Ꮣ	e²do²da	e²do²da	Father		
n		Ꭼ²Ꮩ²Ꮣ	gv²do²da	gv²do²da	I, your father		
n		Ꮵ²Ꮩ²Ꮣ	ji²do²da	ji²do²da	I, his father		
n		ᏍᏛ²Ꮩ²Ꮣ	sdv²do²da	sdv²do²da	I, your two's father		
n		Ꭲ¹Ꮸ²Ꮩ²Ꮣ	i¹jv²do²da	i¹jv²do²da	I, your all's father		
n		Ꭶ̣²Ꮵ²Ꮩ²Ꮣ	gạ²ji²do²da	gạ²ji²do²da	I, their father		
n		ᏍᎩ̣²Ꮩ²Ꮣ	sgị²do²da	sgị²do²da	You one, my father		
n		Ꭿ²Ꮩ²Ꮣ	hi²do²da	hi²do²da	You one, his father		
n		ᏍᎩ̣²Ꮒ²Ꮩ²Ꮣ	sgị²ni²do²da	sgị²ni²do²da	You one, his and my father		
n		Ꭲ¹ᏍᎩ²Ꮩ²Ꮣ	i¹sgi²do²da	i¹sgi²do²da	You one, their and my father		
n		Ꭶ²Ꭿ²Ꮩ²Ꮣ	gạ²hi²do²da	gạ²hi²do²da	You one, their father		
n		Ꭰ̣²Ꭹ̣²Ꮩ²Ꮣ	ạ²gị²do²da	ạ²gị²do²da	xHe, my father		
n		Ꮳ̣²Ꮩ²Ꮣ	jạ²do²da	jạ²do²da	xHe, your one's father		
n		Ꭴ²Ꮩ²Ꮣ	u²do²da	u²do²da	His father		
n		Ꭹ̣²Ꮒ²Ꮩ²Ꮣ	gị²ni²do²da	gị²ni²do²da	Your one's and my father		
n		Ꭲ¹Ꭹ²Ꮩ²Ꮣ	i¹gi²do²da	i¹gi²do²da	Your all's and my father		
n		Ꭳ²Ꭹ̣²Ꮒ²Ꮩ²Ꮣ	o²gị²ni²do²da	o²gị²ni²do²da	His and my father		
n		Ꭳ²Ꭹ²Ꮩ²Ꮣ	o²gi²do²da	o²gi²do²da	Their and my father		
n		ᏍᏗ²Ꮩ²Ꮣ	sdi²do²da	sdi²do²da	Your two's father		
n		Ꭲ¹Ꮵ²Ꮩ²Ꮣ	i¹ji²do²da	i¹ji²do²da	Your all's father		
n		Ꭴ²Ꮒ²Ꮩ²Ꮣ	u²ni²do²da	u²ni²do²da	Their father		
							
n		Ꭱ²Ꮵ	e²ji	e²ji	Mother		
n		Ꭼ²Ꮵ	gv²ji	gv²ji	I, your mother		
n		Ꮵ²Ꮵ	ji²ji	ji²ji	I, his mother		
n		ᏍᏛ²Ꮵ	sdv²ji	sdv²ji	I, your two's mother		
n		Ꭲ¹Ꮸ²Ꮵ	i¹jv²ji	i¹jv²ji	I, your all's mother		
n		Ꭶ̣²Ꮵ²Ꮵ	gạ²ji²ji	gạ²ji²ji	I, their mother		
n		ᏍᎩ̣²Ꮵ	sgị²ji	sgị²ji	You one, my mother		
n		Ꭿ²Ꮵ	hi²ji	hi²ji	You one, his mother		
n		ᏍᎩ̣²Ꮒ²Ꮵ	sgị²ni²ji	sgị²ni²ji	You one, his and my mother		
n		Ꭲ¹ᏍᎩ²Ꮵ	i¹sgi²ji	i¹sgi²ji	You one, their and my mother		
n		Ꭶ²Ꭿ²Ꮵ	gạ²hi²ji	gạ²hi²ji	You one, their mother		
n		Ꭰ̣²Ꭹ̣²Ꮵ	ạ²gị²ji	ạ²gị²ji	xShe, my mother		
n		Ꮳ̣²Ꮵ	jạ²ji	jạ²ji	xShe, your one's mother		
n		Ꭴ²Ꮵ	u²ji	u²ji	His mother		
n		Ꭹ̣²Ꮒ²Ꮵ	gị²ni²ji	gị²ni²ji	Your one's and my mother		
n		Ꭲ¹Ꭹ²Ꮵ	i¹gi²ji	i¹gi²ji	Your all's and my mother		
n		Ꭳ²Ꭹ̣²Ꮒ²Ꮵ	o²gị²ni²ji	o²gị²ni²ji	His and my mother		
n		Ꭳ²Ꭹ²Ꮵ	o²gi²ji	o²gi²ji	Their and my mother		
n		ᏍᏗ²Ꮵ	sdi²ji	sdi²ji	Your two's mother		
n		Ꭲ¹Ꮵ²Ꮵ	i¹ji²ji	i¹ji²ji	Your all's mother		
n		Ꭴ²Ꮒ²Ꮵ	u²ni²ji	u²ni²ji	Their mother		
							
vti, g	ᎦᏟᏏᎭ	ɂ³Ꮯ²Ꮟ̣³Ꭽ	ga³hli²sị³ha	ɂ³hli²sị³ha	he is gathering x		something, things
	ᏥᏟᏏᎭ	ɂ³Ꮯ²Ꮟ̣³Ꭽ	ji³hli²sị³ha	ɂ³hli²sị³ha	I am gathering x		something, things
vti, u	ᎤᏩᏟᏌᏅᎢ	ɂ³Ꮯ²Ꮜ̣²Ꮕ²³Ꭲ	u¹wa³hli²sạ²hnv²³ɂi	ɂ³hli²sạ²hnv²³ɂi	he gathered x a while ago		something, things
vti, g	ᎦᏟᏏᏍᎪᎢ	ɂ³Ꮯ²Ꮟ²³ᏍᎪ̣Ꭲ	ga³hli²si²³sgọ³ɂi	ɂ³hli²si²³sgọ³ɂi	he is usually gathering x		something, things
vti, imp, g	ᎯᏟᏌ	ɂ¹Ꮯ²³Ꮜ	hi¹hli²³sa	ɂ¹hli²³sa	let him gather x		something, things
vti, g	ᎯᏟᏌ	ɂ¹Ꮯ²³Ꮜ²	hi¹hli²³sa²	ɂ¹hli²³sa²	he recently gathered x		something, things
vti, u, inf	ᎤᏩᏟᏐᏗ	ɂ¹Ꮯ²³Ꮠ̣³Ꮧ	ụ²wa¹hli²³soh³di	ɂ¹hli²³soh³di	for him to gather x		something, things
							
vti, a	ᎠᏍᏗᎩᎠ	¹ᏍᏗ²³Ꭹ̣³Ꭰ	a¹sdi²³gị³ɂa	¹sdi²³gị³ɂa	he is eating x		something long, long things
	ᏥᏍᏗᎩᎠ	¹ᏍᏗ²³Ꭹ̣³Ꭰ	ji¹sdi²³gị³ɂa	¹sdi²³gị³ɂa	I am eating x		something long, long things
vti, u	ᎤᏍᏗᎬᎢ	¹ᏍᏗ³Ꭼ²³Ꭲ	u¹sdi³gv²³ɂi	¹sdi³gv²³ɂi	he ate x a while ago		something long, long things
vti, a	ᎠᏍᏗᎩᏍᎪᎢ	¹ᏍᏗ²³Ꭹ³²ᏍᎪ³Ꭲ	a¹sdi²³gi³²sgo³ɂi	¹sdi²³gi³²sgo³ɂi	he usually is eating x		something long, long things
vti, imp	ᎯᏍᏗᎦ	ᏍᏗ²³Ꭶ	hị²sdi²³ga	sdi²³ga	let him eat x		something long, long things
vti, a	ᎯᏍᏗᎦ	ᏍᏗ²³Ꭶ²	hị²sdi²³ga²	sdi²³ga²	he recently ate x		something long, long things
vti, u, inf	ᎤᏍᏗᎩᏍᏗ	ᏍᏗ²³Ꭹ³²ᏍᏗ	u²sdi²³gi³²sdi	sdi²³gi³²sdi	for him to eat x		something long, long things
							
vti, g	ᎦᏰᎠ	ɂᏰ³Ꭰ	ga²hye³ɂa	ɂhye³ɂa, ɂye³ɂa	he is eating x		something flexible, flexible things
	ᏥᏯᏰᎠ, ᏥᏰᎠ	ɂᏰ³Ꭰ	ji²ya¹ye³ɂa, ji¹ye³ɂa	ɂhye³ɂa, ɂye³ɂa	I am eating x		something flexible, flexible things
vti, u	ᎤᏩᏯᎥᎢ	ɂᏯ³Ꭵ²³Ꭲ	u¹wa²hya³ɂv²³ɂi	ɂhya³ɂv²³ɂi, ɂya³ɂv²³ɂi	he ate x a while ago		something flexible, flexible things
vti, g	ᎦᏰᏍᎪᎢ	ɂᏰ³ᏍᎪ³Ꭲ	ga²hye³sgo³ɂi	ɂhye³sgo³ɂi, ɂye³sgo³ɂi	he usually is eating x		something flexible, flexible things
vti, imp	ᎯᏯᏯᎦ, ᎯᏯᎦ	ɂᏯ̣²Ꭶ	hi²ya¹yạ²ga, hi²hyạ²ga	ɂhyạ²ga, ɂyạ²ga	let him eat x		something flexible, flexible things
vti, g	ᎯᏯᏯᎦ, ᎯᏯᎦ	ɂᏯ̣²Ꭶ²	hi²ya¹yạ²ga, hi²hyạ²ga	ɂhyạ²ga², ɂyạ²ga²	he recently ate x		something flexible, flexible things
vti, u, inf	ᎤᏩᏰᏍᏗ	ɂᏰ¹ᏍᏗ	ụ²wa²hye¹sdi	ɂhye¹sdi, ɂye¹sdi	for him to eat x		something flexible, flexible things
							
vti, a	ᎠᏗᏔᏍᎦ	Ꭰ¹Ꮧ²Ꮤ̣³ᏍᎦ	a¹di²tạ³sga	a¹di²tạ³sga	he is drinking x		something, drinks
	ᎦᏗᏔᏍᎦ	Ꭰ¹Ꮧ²Ꮤ̣³ᏍᎦ	gạ²di¹tạ³sga	a¹di²tạ³sga	I am drinking x		something, drinks
vti, u	ᎤᏗᏔᎲᎢ	Ꭴ¹Ꮧ²Ꮤ̣²Ꮂ²³Ꭲ	u¹di²tạ²hv²³ɂi	u¹di²tạ²hv²³ɂi	he drank x a while ago		something, drinks
vti, a	ᎠᏗᏔᏍᎪᎢ	Ꭰ¹Ꮧ²Ꮤ̣²ᏍᎪ³Ꭲ	a¹di²tạ²sgo³ɂi	a¹di²tạ²sgo³ɂi	he usually is drinking x		something, drinks
vti, imp	ᎭᏗᏔ	Ꭽ̣²Ꮧ²³Ꮤ	hạ²di²³ta	a²di²³ta	let him drink x		something, drinks
vti, a	ᎭᏗᏔ	Ꭽ̣²Ꮧ²³Ꮤ²	hạ²di²³ta²	a²di²³ta²	he recently drank x		something, drinks
vti, u, inf	ᎤᏗᏔᏍᏗ	Ꭴ²Ꮧ²Ꮤ̣²ᏍᏗ	u²di²tạ²sdi	a²di²tạ²sdi	for him to drink x		something, drinks
							
vti, g	ᎠᏚᎩᎠ	Ꭰ̣¹Ꮪ²³Ꭹ̣³Ꭰ	ạ¹tu²³gị³a	ạ¹tu²³gị³a, ạɂ²du²³gị³a	he is drinking x		something alcoholic, alcoholic drinks
	ᎦᏚᎩᎠ	Ꭰ̣¹Ꮪ²³Ꭹ̣³Ꭰ	gạɂ²du²³gị³ɂa	ạ¹tu²³gị³a, ạɂ²du²³gị³a	I am drinking x		something alcoholic, alcoholic drinks
vti, u	ᎤᏚᎩᏒᎢ	Ꭰ̣¹Ꮪ²³Ꭹ³²Ꮢ²³Ꭲ	u¹tu²³gi³²sv²³ɂi	ạ¹tu²³gi³²sv²³ɂi, ạɂ²du²³gi³²sv²³ɂi	he drank x a while ago		something alcoholic, alcoholic drinks
vti, g	ᎤᏚᎩᏍᎪᎢ	Ꭰ̣¹Ꮪ²³Ꭹ³²ᏍᎪ³Ꭲ	a¹tu²³gi³²sgo³ɂi	a¹tu²³gi³²sgo³ɂi, ạɂ²du²³gi³²sgo³ɂi	he usually is drinking x		something alcoholic, alcoholic drinks
vti, imp	ᎭᏚᎩ	Ꭰ̣²Ꮪ²³Ꭹ	hạ²tu²³gi	ạ²tu²³gi, ạɂ²du²³gi	let him drink x		something alcoholic, alcoholic drinks
vti, g	ᎭᏚᎦ	Ꭰ̣²Ꮪ²³Ꭶ²	hạ²tu²³ga²	ạ²tu²³ga², ạɂ²du²³ga²	he recently drank x		something alcoholic, alcoholic drinks
vti, u, inf	ᎤᏚᎩᏍᏗ	Ꭰ̣²Ꮪ²³Ꭹ³²ᏍᏗ	u²tu²³gi³²sdi	ạ²tu²³gi³²sdi, ạɂ²du²³gi³²sdi	for him to drink x		something alcoholic, alcoholic drinks
							
vi, a	ᎠᎦᏔᎭ	Ꭰ¹Ꮧ̣²Ꭽ, Ꭰ¹Ꮧ̣²Ꭰ	a¹ktạ²ha	¹ktạ²ha, ga¹tạ²ha	He know[s] how		
			jị²ga¹tạ²ha	¹ktạ²ha, ga¹tạ²ha	I know how		
vi, a	ᎠᎦᏔᎰᎢ	Ꭰ̣²Ꮧ²³ᏍᎪ³Ꭲ	a¹ktạ²ho³ɂi	¹ktạ²ho³ɂi, ga¹tạ²ho³ɂi	He usually know[s] how		
							
vti, u, xde	ᎤᏅᏔ	Ꭰ̣²Ꮕ͓Ꮤ	unh¹ta	ạ²nhta	He know[s] x		something, things
	ᎠᏆᏅᏔ	Ꭰ̣²Ꮕ͓Ꮤ	a¹gwanh²ta	ạ²nhta	I know x		something, things
vti, u, xde	ᎤᏅᏛᎢ	Ꭰ̣²Ꮕ͓Ꮫ²³ɂᎢ	unh¹tv²³ɂi	ạ²nhtv²³ɂi	He knew x a while ago		something, things
vti, u, xde	ᎤᏅᏙᎢ	Ꭰ̣²Ꮕ͓Ꮩ³ɂᎢ	unh¹to³ɂi	ạ²nhto³ɂi	He usually know[s] x		something, things
vti, u, xde	ᏣᏅᏖᏍᏗ	Ꭰ̣²Ꮕ͓Ꮦ³ᏍᏗ	janh²te³sdi	ạ²nhte³sdi	He will be knowing x		something, things
